<?xml version="1.0" encoding="UTF-8"?>
<project-private xmlns="http://www.netbeans.org/ns/project-private/1">
    <editor-bookmarks xmlns="http://www.netbeans.org/ns/editor-bookmarks/2" lastBookmarkId="0"/>
    <open-files xmlns="http://www.netbeans.org/ns/projectui-open-files/2">
        <group>
            <file>file:/home/moh/NetBeansProjects/Sen.se/src/sen/se/Mqtt_sub.java</file>
            <file>file:/home/moh/NetBeansProjects/Sen.se/LastKnownIP</file>
            <file>file:/home/moh/NetBeansProjects/Sen.se/src/sen/se/Translator.java</file>
            <file>file:/home/moh/NetBeansProjects/Sen.se/src/sen/se/PhilipsHue.java</file>
            <file>file:/home/moh/NetBeansProjects/Sen.se/src/sen/se/SenSe.java</file>
        </group>
    </open-files>
</project-private>
